Region,start,Init B,Init phenol
1,0,36.3428046,0
2,24.35,96.37914578,0
3,29.75,95.43899112,110.9083478
4,45.35,201.9863599,109.4939347
