Region,start,Init B,Init phenol
1,0,43.60403946,0
2,308.55,127.957626,0
3,433.9166667,126.0556381,169.0011136
4,1016.533333,277.5797119,165.9247693
