Region,start,Init B,Init phenol
1,0,41.25776106,4.781256707
2,146.6833333,105.6785338,4.744627298
3,175.4,104.7892477,100.3806376
4,244.95,231.1768721,98.86040473
