Region,start,Init B,Init phenol
1,0,40.69676343,0
2,48.55,122.6216638,0
3,59.03,121.5410523,100.1960011
4,76.95,252.2065189,98.62404841
