Region,start,Init B,Init phenol
1,0,44.39907336,0
2,374.7666667,130.651632,0
3,429.0166667,128.9673521,146.5707886
4,560.0166667,258.7489952,144.2847879
