Region,start,Init B,Init phenol
1,0,33.16494951,0
2,12.61666667,100.141497,0
3,17.71666667,99.0362908,125.4807853
4,28.28333333,211.0640204,123.7974947
