Region,start,Init B,Init phenol
1,0,31.35592466,0
2,68.95,95.05968589,0
3,81.13333333,93.80411562,150.1732753
4,109.6166667,187.3957962,148.4913209
