Region,start,Init B,Init phenol
1,0,43.03779986,0
2,130.5833333,129.8490552,0
3,161.5833333,128.2445533,140.4913117
4,215.8666667,275.7861068,138.000495
