Region,start,Init B,Init phenol
1,0,36.62341707,0
2,409.7,110.5309611,0
3,505.38,109.4937909,129.7454574
4,819.6,258.9776641,128.1384361
