Region,start,Init B,Init phenol
1,0,36.44211684,0
2,44.28333333,108.4152607,0
3,56.2,107.2107297,126.3210072
4,102.6333333,225.9584886,124.5230364
