Region,start,Init B,Init phenol
1,0,37.03040163,0
2,504.4833333,111.0735642,0
3,961.9333333,109.5514147,155.8097463
4,1470.683333,255.8723255,153.0763379
