Region,start,Init B,Init phenol
1,0,34.43584169,0
2,7.366666667,106.4617589,0
3,11.63333333,105.4999906,102.7128673
4,22.43333333,211.8981026,101.403229
