Region,start,Init B,Init phenol
1,0,33.91018791,0
2,8.033333333,101.6840635,0
3,12.13333333,100.3791798,145.9039114
4,19.7,235.4954622,143.5428853
