,start,Init B,Init phenol
1,0,38.85689498,0
2,128.5166667,115.8060535,0
3,191.6333333,114.5523427,123.0875416
4,259.9666667,265.4096908,120.859904
