Region,start,Init B,Init phenol
1,0,39.92075237,0
2,156.75,124.7737128,0
3,184.8,123.1474596,148.1880142
4,279.6166667,270.2308327,145.5705022
