Region,start,Init B,Init phenol
1,0,37.07108693,0
2,193.25,111.7794294,0
3,243.4166667,110.5045861,129.6710229
4,317.9666667,250.2453945,127.498225
