Region,start,Init B,Init phenol
1,0,35.89344243,0
2,177.85,107.0616064,0
3,213.85,105.8841214,125.0459532
4,345.35,225.8995075,123.1802251
