Region,start,Init B,Init phenol
1,0,37.16141352,0
2,6.95,107.8833229,0
3,10.23333333,106.6806986,126.7429002
4,16.26666667,246.1696644,125.2783731
