Region,start,Init B,Init phenol
1,0,43.35372889,0
2,471.42,130.2109313,0
3,710.07,128.6440495,136.815965
4,1434.32,288.139431,134.9130182
