Region,start,Init B,Init phenol
1,0.00,36.67153569,0
2,45.45,111.3175541,0
3,57.88,110.0671984,127.7079401
4,87.82,256.800275,125.8365208
