Region,start,Init B,Init phenol
1,0,36.55194356,2.86339685
2,1254.8,53.19594531,2.857732394
3,1504.016667,116.112884,2.836322062
