Region,start,Init B,Init phenol
1,0,47.48799021,4.10111538
2,463.8666667,138.3242253,4.056780562
3,1182.816667,279.2338368,3.988006222
