Region,start,Init B,Init phenol
1,0,29.63240668,0
2,306.4,101.1284509,0
3,962.4,100.1178057,113.624859
4,1252.783333,239.4365217,111.7290464
