Region,start,Init B,Init phenol
1,0,29.6579485,4.34691315
2,280.2166667,69.68191295,4.326251533
3,433.6833333,133.4030101,4.293356718
4,1373.116667,226.7913997,4.245146722
