Region,start,Init B,Init phenol
1,0,35.89311012,0
2,939.55,109.2026657,0
3,1100.216667,107.7728522,148.8655425
4,1443.933333,250.2314782,146.3234354
