 ,start,Init B,Init phenol
1,0,34.75641113,0
2,911.1666667,105.6626649,0
3,1053.083333,104.4682916,128.5187593
4,1400.966667,244.8211812,126.3574009
