 ,start,Init B,Init phenol
1,0,35.63000577,0
2,566.1666667,107.7056261,0
3,864.5333333,106.3153103,146.7652003
4,1531.616667,247.1607496,144.287773
