Region,start,Init B,Init phenol
1,0,38.4233822,0
2,249.3666667,120.1390945,0
3,309.1666667,118.630679,142.7528007
4,423.2166667,260.4881134,140.322202
