Region,start,Init B,Init phenol
1,0,47.65390707,3.902825058
2,1328.583333,151.3532594,3.854658288
3,1639.1,149.5567161,138.7654338
4,1833.383333,340.813529,137.2368819
