Region,start,Init B,Init phenol
1,0,32.01160233,3.045963133
2,714.8833333,105.5039352,3.019371112
3,1185.433333,230.4927097,2.974150808
