Region,start,Init B,Init phenol
1,0,29.78109975,0
2,149.95,102.1169551,0
3,253.0333333,100.7488991,152.3189811
4,527.9333333,248.7565717,149.6188575
