Region,start,Init B,Init phenol
1,0,50.08009739,1.736929124
2,91.73333333,49.92466985,37.40396685
3,396.5166667,152.0253263,36.94935435
